{
  "current_profile": "Default",
  "profiles": {
    "Default": {
      "server_hostname": "dbc-4a93b454-f17b.cloud.databricks.com",
      "http_path": "/sql/1.0/warehouses/94a38057593b3ffb",
      "access_token": "dapicf85919182df991260e743a62701b049",
      "workspace_url": "jdbc:databricks://dbc-4a93b454-f17b.cloud.databricks.com:443/default;transportMode=http;ssl=1;AuthMech=3;httpPath=/sql/1.0/warehouses/94a38057593b3ffb;"
    },
    "OriginalPackets": {
      "server_hostname": "dbc-4a93b454-f17b.cloud.databricks.com",
      "http_path": "",
      "access_token": "",
      "workspace_url": ""
    }
  }
}